{
  "CARDINAL": {
    "precision": 0.8438155136268344,
    "recall": 0.8618843683083511,
    "f1-score": 0.8527542372881356,
    "support": 934
  },
  "DATE": {
    "precision": 0.8267762771579565,
    "recall": 0.8794503435352904,
    "f1-score": 0.8523002421307505,
    "support": 1601
  },
  "EVENT": {
    "precision": 0.5757575757575758,
    "recall": 0.6031746031746031,
    "f1-score": 0.5891472868217055,
    "support": 63
  },
  "FAC": {
    "precision": 0.6834532374100719,
    "recall": 0.7037037037037037,
    "f1-score": 0.6934306569343066,
    "support": 135
  },
  "GPE": {
    "precision": 0.9538670284938942,
    "recall": 0.9415178571428572,
    "f1-score": 0.9476522129858458,
    "support": 2240
  },
  "LANGUAGE": {
    "precision": 0.9166666666666666,
    "recall": 0.5,
    "f1-score": 0.6470588235294118,
    "support": 22
  },
  "LAW": {
    "precision": 0.6,
    "recall": 0.525,
    "f1-score": 0.56,
    "support": 40
  },
  "LOC": {
    "precision": 0.7014925373134329,
    "recall": 0.7877094972067039,
    "f1-score": 0.7421052631578947,
    "support": 179
  },
  "MONEY": {
    "precision": 0.8641975308641975,
    "recall": 0.8945686900958466,
    "f1-score": 0.8791208791208791,
    "support": 313
  },
  "NORP": {
    "precision": 0.870391061452514,
    "recall": 0.9262782401902497,
    "f1-score": 0.8974654377880185,
    "support": 841
  },
  "ORDINAL": {
    "precision": 0.817351598173516,
    "recall": 0.9179487179487179,
    "f1-score": 0.8647342995169082,
    "support": 195
  },
  "ORG": {
    "precision": 0.8564410480349345,
    "recall": 0.8755580357142857,
    "f1-score": 0.8658940397350995,
    "support": 1792
  },
  "PERCENT": {
    "precision": 0.9034090909090909,
    "recall": 0.9164265129682997,
    "f1-score": 0.9098712446351932,
    "support": 347
  },
  "PERSON": {
    "precision": 0.9241516966067864,
    "recall": 0.93158953722334,
    "f1-score": 0.9278557114228456,
    "support": 1988
  },
  "PRODUCT": {
    "precision": 0.5813953488372093,
    "recall": 0.6578947368421053,
    "f1-score": 0.6172839506172839,
    "support": 76
  },
  "QUANTITY": {
    "precision": 0.75,
    "recall": 0.8,
    "f1-score": 0.7741935483870969,
    "support": 105
  },
  "TIME": {
    "precision": 0.5945945945945946,
    "recall": 0.6226415094339622,
    "f1-score": 0.6082949308755761,
    "support": 212
  },
  "WORK_OF_ART": {
    "precision": 0.5161290322580645,
    "recall": 0.5783132530120482,
    "f1-score": 0.5454545454545454,
    "support": 166
  },
  "micro avg": {
    "precision": 0.862719639920367,
    "recall": 0.8860343141612588,
    "f1-score": 0.8742215595123234,
    "support": 11249
  },
  "macro avg": {
    "precision": 0.7655494354531855,
    "recall": 0.7735366448055758,
    "f1-score": 0.7652565172445276,
    "support": 11249
  },
  "weighted avg": {
    "precision": 0.8648511045726105,
    "recall": 0.8860343141612588,
    "f1-score": 0.8749396916363117,
    "support": 11249
  }
}